2.000953038725101507e+01,2.855706790207330315e+00
2.001356832720361112e+01,3.852350568164527367e+00
2.001889999038011325e+01,4.853546219547205887e+00
2.002568058271790363e+01,5.859280722052721657e+00
2.003377507782202116e+01,6.869723385230750878e+00
2.004311798044972548e+01,7.884974492580692385e+00
2.005401566656687606e+01,8.904976742048056337e+00
2.006618799361265459e+01,9.929990609108532595e+00
1.901692438374096028e+01,-3.995290374287744584e+00
1.901210731238528240e+01,-3.027130001043755403e+00
1.900866450588341650e+01,-2.055009039490905298e+00
1.900637526305466096e+01,-1.078814183827043749e+00
1.900532929459368248e+01,-9.845817285535929386e-02
1.900545908730277844e+01,8.861436481990594416e-01
1.900707404407933154e+01,1.874957420368652095e+00
1.900989099543143013e+01,2.868220176042058256e+00
1.901398249944199748e+01,3.865886332256257774e+00
1.901937176258497431e+01,4.868135619345292042e+00
1.902597916393741784e+01,5.874958919735818519e+00
1.903435599609721862e+01,6.886373170267433785e+00
1.904383208370570202e+01,7.902655773447786913e+00
1.905471380272914672e+01,8.923749427222237074e+00
1.906701527884733949e+01,9.949763532663705945e+00
1.809648948806954749e+01,-1.160689672303107045e+01
1.808240618408829903e+01,-1.066736692907787720e+01
1.806947433755574295e+01,-9.724387086790684975e+00
1.805770504722041991e+01,-8.777871238183719171e+00
1.804703483579343626e+01,-7.827703471032713800e+00
1.803746370327478488e+01,-6.873883785337695507e+00
1.802915492741887959e+01,-5.916362688502489142e+00
1.802204099502831980e+01,-4.955055525752233514e+00
1.801621363475159043e+01,-3.989859407165334382e+00
1.801151965860555038e+01,-3.020745681714484210e+00
1.800797319227000415e+01,-2.047604948326735563e+00
1.800573953145361017e+01,-1.070372085681251306e+00
1.800474813602758672e+01,-8.898588209019298034e-02
1.800507963589200600e+01,8.965705943821395962e-01
1.800667559864347211e+01,1.886452327771795723e+00
1.800946750210785297e+01,2.880736158491069787e+00
1.801361458813064331e+01,3.879440321686934645e+00
1.801913300034617293e+01,4.882689847156917118e+00
1.802595118964795162e+01,5.890538132226574852e+00
1.803408328171661523e+01,6.903094577968582612e+00
1.804368750942038346e+01,7.920369605167565830e+00
1.805470745831038570e+01,8.942533826584128320e+00
1.806699498528913139e+01,9.969654965057372920e+00
1.722510209972208273e+01,-1.810170014141842643e+01
1.720351023927764800e+01,-1.718387088075365199e+01
1.718279364135944576e+01,-1.626290805588210020e+01
1.716317704305610548e+01,-1.533889371515642353e+01
1.714482977598565938e+01,-1.441173147980657276e+01
1.712745151804405452e+01,-1.348131716160358806e+01
1.711120554698569407e+01,-1.254760126795131470e+01
1.709602233165933427e+01,-1.161051477279977107e+01
1.708198351094176104e+01,-1.067003292985071283e+01
1.706909715665014815e+01,-9.726093224205364152e+00
1.705729979149558062e+01,-8.778579743639513211e+00
1.704674863936972429e+01,-7.827489881731055199e+00
1.703722703500038804e+01,-6.872679075228431245e+00
1.702896375138557161e+01,-5.914198115035082637e+00
1.702182578008427782e+01,-4.951862062876560167e+00
1.701612353297144509e+01,-3.985696963358108746e+00
1.701140349996041579e+01,-3.015569977223681697e+00
1.700798416474301789e+01,-2.041444634179689910e+00
1.700572646501590413e+01,-1.063182882125881523e+00
1.700478358876220852e+01,-8.081337208961869578e-02
1.700516966166172139e+01,9.057732970020202501e-01
1.700674158550259563e+01,1.896683919799903251e+00
1.700966465599350741e+01,2.891983617624926062e+00
1.701394492699721539e+01,3.891719276651133264e+00
1.701944131825613127e+01,4.896013320254143153e+00
1.702639471049322850e+01,5.904908729878822982e+00
1.703450478160542048e+01,6.918509693753815526e+00
1.704424723917574624e+01,7.936855288594911961e+00
1.705532377905510089e+01,8.960065331355497875e+00
1.706774650896888801e+01,9.988233594383872926e+00
1.708152753664291623e+01,1.102145385002812716e+01
1.624707670331932619e+01,-1.902810825402225703e+01
1.622436080434873773e+01,-1.811230161980316922e+01
1.620281241819085594e+01,-1.719352812450485857e+01
1.618205967363623543e+01,-1.627163018257322591e+01
1.616263771964874607e+01,-1.534671588696619438e+01
1.614418275683597059e+01,-1.441856513723078592e+01
1.612684797318104657e+01,-1.348720658439436093e+01
1.611072711528672485e+01,-1.255252170981058057e+01
1.609550775332395389e+01,-1.161450009759892765e+01
1.608151240689306860e+01,-1.067307402001640426e+01
1.606875116576534879e+01,-9.728165333439504181e+00
1.605692370783729217e+01,-8.779669849639457624e+00
1.604642006590663073e+01,-7.827604495648154526e+00
1.603686836876393329e+01,-6.871811685911404233e+00
1.602865864920694250e+01,-5.912308347461039837e+00
1.602164377311529364e+01,-4.949018943095656375e+00
1.601576228115433409e+01,-3.981811931866293897e+00
1.601116937926146022e+01,-3.010700336075623262e+00
1.600787919311646945e+01,-2.035574754650669949e+00
1.600574862450750402e+01,-1.056328392940618421e+00
1.600493287937196385e+01,-7.297427324808403171e-02
1.600514777924038157e+01,9.147168224532826741e-01
1.600685087010791818e+01,1.906643312356818498e+00
1.600990107171697829e+01,2.902927619838084894e+00
1.601415932176422174e+01,3.903707796997306190e+00
1.601978688004980000e+01,4.909017707705968014e+00
1.602671825133056416e+01,5.918957635463593547e+00
1.603496756128630452e+01,6.933636981343100025e+00
1.604476560086885684e+01,7.953020583165860025e+00
1.605575260659432502e+01,8.977359798834264382e+00
1.606830852148916833e+01,1.000655955769294003e+01
1.608230437302132643e+01,1.104083605546565394e+01
1.524622038455322759e+01,-1.903960056971500237e+01
1.522361749102099715e+01,-1.812291872691256245e+01
1.520196140912091742e+01,-1.720315671722879003e+01
1.518132167000466026e+01,-1.628038356671377684e+01
1.516194722621222546e+01,-1.535449377902385848e+01
1.514361132270071941e+01,-1.442542093453104002e+01
1.512617287921211329e+01,-1.349304260985971737e+01
1.511001183877300846e+01,-1.255745387566527782e+01
1.509491960792839471e+01,-1.161844765379735378e+01
1.508104735670714902e+01,-1.067606822400797029e+01
1.506818043779149008e+01,-9.730155394320888718e+00
1.505640250801288360e+01,-8.780668789713306666e+00
1.504587079126298121e+01,-7.827605803763116654e+00
1.503651575638996896e+01,-6.870897410420165663e+00
1.502843316795127215e+01,-5.910409462313599427e+00
1.502139223499463405e+01,-4.946106797264639532e+00
1.501563585619757291e+01,-3.977930805103724765e+00
1.501117008542285092e+01,-3.005834599656783013e+00
1.500785586036699470e+01,-2.029680128823493579e+00
1.500570327080169797e+01,-1.049389248980496792e+00
1.500486348675542203e+01,-6.500623987969511575e-02
1.500520551774199163e+01,9.236694654779151747e-01
1.500696620857601360e+01,1.916649591087862703e+00
1.500999438922874063e+01,2.913978416702045493e+00
1.501423465422788261e+01,3.915834369443704333e+00
1.501991577657128829e+01,4.922166658409381945e+00
1.502705793580181037e+01,5.933131570846015279e+00
1.503544043073847192e+01,6.948842412555891634e+00
1.504514691821288253e+01,7.969339558561779668e+00
1.505634269393371127e+01,8.994688130184513852e+00
1.506888667764336631e+01,1.002501055079971515e+01
1.508294214709626146e+01,1.106035631300350097e+01
1.422274410791389521e+01,-1.813393566971289772e+01
1.420120506736068577e+01,-1.721326719399636573e+01
1.418053725342518590e+01,-1.628949641152252070e+01
1.416120628391957936e+01,-1.536266238919915317e+01
1.414276066671147980e+01,-1.443261665904552160e+01
1.412559447050713679e+01,-1.349934489064408183e+01
1.410933178818860689e+01,-1.256272075589005155e+01
1.409436063459937749e+01,-1.162277681053995693e+01
1.408045627265037503e+01,-1.067943100624112418e+01
1.406763686392991630e+01,-9.732542684471169991e+00
1.405590442639225479e+01,-8.782096216505404840e+00
1.404542223779180432e+01,-7.828042109747650912e+00
1.403619635199133953e+01,-6.870333478023807672e+00
1.402800808576456504e+01,-5.908841386806992446e+00
1.402117188689477700e+01,-4.943560623253082653e+00
1.401538945123273017e+01,-3.974371370408591009e+00
1.401090165950153832e+01,-3.001230646828663584e+00
1.400755734167217881e+01,-2.024094172761206512e+00
1.400553188322503750e+01,-1.042818683261939050e+00
1.400474969914510304e+01,-5.738203845471234743e-02
1.400529848217292006e+01,9.322873941325244829e-01
1.400703715205046684e+01,1.926312037875429706e+00
1.401004734765509419e+01,2.924716639072050928e+00
1.401456994970991765e+01,3.927544179167296257e+00
1.402023510495976311e+01,4.934967872440019221e+00
1.402735726118793025e+01,5.946992931734397914e+00
1.403587092315125773e+01,6.963719640549957290e+00
1.404563702854640361e+01,7.985286050986889705e+00
1.405689444014208789e+01,9.011719515765484800e+00
1.406942649266668965e+01,1.004316459813711404e+01
1.408354158004032186e+01,1.107957962477197356e+01
1.322114387018844361e+01,-1.814632924840197603e+01
1.319957070095322216e+01,-1.722471002690068786e+01
1.317894636130455055e+01,-1.629999500979339189e+01
1.315973041519155906e+01,-1.537227015016197740e+01
1.314133230817865439e+01,-1.444124892792549986e+01
1.312405841623211877e+01,-1.350698864513857345e+01
1.310791277526046095e+01,-1.256945804435178182e+01
1.309291657378337170e+01,-1.162849302395577844e+01
1.307906173998382826e+01,-1.068415609884935336e+01
1.306620921155848691e+01,-9.736309216932282240e+00
1.305459986923046500e+01,-8.784909396759655209e+00
1.304424077583965236e+01,-7.829901937795066047e+00
1.303483968109957836e+01,-6.871120136910903398e+00
1.302684908611975523e+01,-5.908704647725599557e+00
1.301998380345359863e+01,-4.942434066575161822e+00
1.301417934683508015e+01,-3.972200295597684505e+00
1.300981868622203841e+01,-2.998074962361485518e+00
1.300653196835930103e+01,-2.019884852587713997e+00
1.300462960512151334e+01,-1.037656010881530477e+00
1.300382741803964670e+01,-5.115921921668098449e-02
1.300428061305066585e+01,9.395925001042857438e-01
1.300607082903192513e+01,1.934623893379474602e+00
1.300936134373784192e+01,2.933984453205032761e+00
1.301371680867008607e+01,3.937947677359416421e+00
1.301943956388640800e+01,4.946425006338495578e+00
1.302669490509549632e+01,5.959481561463245924e+00
1.303519159098799207e+01,6.977291860223530762e+00
1.304501630532674561e+01,7.999919720729206318e+00
1.305633333484330727e+01,9.027422449938836024e+00
1.306900059030294692e+01,1.005991465686556730e+01
1.308325289856601437e+01,1.109739243678020770e+01
1.309873049614861351e+01,1.214010714758515164e+01
1.222023618185898286e+01,-1.815761187952224986e+01
1.219862888394188971e+01,-1.723504191223624460e+01
1.217827679157734089e+01,-1.630943345139878886e+01
1.215887958266211299e+01,-1.538068230878122478e+01
1.214060255290445234e+01,-1.444872336306253757e+01
1.212337011729034764e+01,-1.351353447436683552e+01
1.210720043740795937e+01,-1.257497498417177795e+01
1.209216909827159192e+01,-1.163306703235330630e+01
1.207843735968182486e+01,-1.068777675504008862e+01
1.206571498930602004e+01,-9.738921820379694338e+00
1.205407858113588304e+01,-8.786516553885849845e+00
1.204384560988609643e+01,-7.830532299627350312e+00
1.203433681940368949e+01,-6.870761984357658392e+00
1.202647638247353967e+01,-5.907338442429100667e+00
1.201966163693396972e+01,-4.940068926108712510e+00
1.201398431143345924e+01,-3.968850545474950309e+00
1.200952604484964859e+01,-2.993658554229794433e+00
1.200629289104487896e+01,-2.014446066199048868e+00
1.200436850685075818e+01,-1.031172706359920532e+00
1.200369748679555748e+01,-4.366004758941866015e-02
1.200427579497047326e+01,9.480606526631296660e-01
1.200620121388676509e+01,1.944139170493393021e+00
1.200939815853028669e+01,2.944597645777386585e+00
1.201380920547475029e+01,3.949598876913408052e+00
1.201974274864069692e+01,4.959101190571591822e+00
1.202690653774163465e+01,5.973271289879411583e+00
1.203546586848625566e+01,6.992174296157848801e+00
1.204534919176861685e+01,8.015863606732240854e+00
1.205679940626610147e+01,9.044397831772242213e+00
1.206960489159230221e+01,1.007796060634111157e+01
1.208377271058712310e+01,1.111660663097531199e+01
1.209946311407359687e+01,1.216036195518399587e+01
1.119840843531211760e+01,-1.724707731875651717e+01
1.117787306219093502e+01,-1.632045820365756228e+01
1.115859693053094404e+01,-1.539076933755781340e+01
1.114036539301450901e+01,-1.445785052848105323e+01
1.112325605260989825e+01,-1.352170828757847509e+01
1.110720744998289256e+01,-1.258221107390127358e+01
1.109214601807317102e+01,-1.163932111884864895e+01
1.107838620466402269e+01,-1.069303320957650349e+01
1.106563374151486201e+01,-9.743196271681986431e+00
1.105412547343986240e+01,-8.789798581169497638e+00
1.104371224836482490e+01,-7.832780229562445129e+00
1.103470649611879395e+01,-6.872151632741344329e+00
1.102659324728006318e+01,-5.907648410501064262e+00
1.101968089576957688e+01,-4.939312236171704562e+00
1.101420426844754274e+01,-3.967147014482443446e+00
1.100972398090711835e+01,-2.990910505104260153e+00
1.100669152528082684e+01,-2.010751176017987696e+00
1.100474713808435112e+01,-1.026417669321140647e+00
1.100412564617860056e+01,-3.791388974307441373e-02
1.100483915728869633e+01,9.548539350645355306e-01
1.100674457320277355e+01,1.951992599752503832e+00
1.100999911781277163e+01,2.953504710742852701e+00
1.101454133178390293e+01,3.959521808984554525e+00
1.102038130488744727e+01,4.970122038101118633e+00
1.102774982807524040e+01,5.985270235913916714e+00
1.103637281264910541e+01,7.005273764072809328e+00
1.104631575385220543e+01,8.030032339078303494e+00
1.105775201921023942e+01,9.059673597150080582e+00
1.107062014938856898e+01,1.009432907923710232e+01
1.108492418029569393e+01,1.113403004278872643e+01
1.110067722863428585e+01,1.217887807451553250e+01
1.019755101929857588e+01,-1.725918566586392799e+01
1.017713672343277409e+01,-1.633162882728282739e+01
1.015775491398498964e+01,-1.540093581807291478e+01
1.013964041781528280e+01,-1.446711054296337906e+01
1.012250703850008549e+01,-1.352993941265254740e+01
1.010642228923695285e+01,-1.258950708191531831e+01
1.009156357345968047e+01,-1.164565465708242264e+01
1.007770010021685181e+01,-1.069834697597537954e+01
1.006514530831450038e+01,-9.747586640112329448e+00
1.005360997439753135e+01,-8.793183503278637403e+00
1.004331984453213344e+01,-7.835211799464723903e+00
1.003429207132949053e+01,-6.873538684510594798e+00
1.002622835064020990e+01,-5.908044341462777460e+00
1.001936956318783345e+01,-4.938685788876485461e+00
1.001379331194063127e+01,-3.965469537902917452e+00
1.000958930759298404e+01,-2.988308327345206017e+00
1.000646126394989466e+01,-2.007066711525203218e+00
1.000464804378022343e+01,-1.021717337722716890e+00
1.000400654887211793e+01,-3.215341128693216532e-02
1.000469803902574029e+01,9.616589316536634513e-01
1.000673260401236675e+01,1.959797834722552867e+00
1.000997118152866605e+01,2.962401350020015478e+00
1.001464456252645796e+01,3.969434315367370125e+00
1.002061570265666468e+01,4.981050411589587057e+00
1.002790074555320032e+01,5.997374668484344085e+00
1.003665489715387338e+01,7.018394063748876199e+00
1.004666149218622451e+01,8.044253160634852406e+00
1.005808380840480964e+01,9.075001451738406999e+00
1.007116272653275324e+01,1.011068191850447917e+01
1.008545280830043289e+01,1.115148991508790743e+01
1.010127051944540355e+01,1.219744628305755718e+01
9.196500976924006920e+00,-1.727217833912814271e+01
9.176126119436519346e+00,-1.634370852336302704e+01
9.156791820183650898e+00,-1.541204002207018675e+01
9.138496061211565547e+00,-1.447718846397443215e+01
9.121479723243238524e+00,-1.353911086763086580e+01
9.105526141006631491e+00,-1.259766266978791549e+01
9.090633296547347086e+00,-1.165285949917026187e+01
9.076968503528739518e+00,-1.070462060573241025e+01
9.064386645784276553e+00,-9.752854823548116059e+00
9.052822228071075727e+00,-8.797461869117965350e+00
9.042512095203322886e+00,-7.838430018446306491e+00
9.033456247181295140e+00,-6.875759271533278039e+00
9.025521675564707635e+00,-5.909264690104553353e+00
9.018785983321825128e+00,-4.938952785311386151e+00
9.013263296132594249e+00,-3.964714156080843654e+00
9.009110837888657741e+00,-2.986546195990849029e+00
9.005962791243351973e+00,-2.004244433313169260e+00
9.004205153085909075e+00,-1.017857052528990280e+00
9.003619240190166906e+00,-2.725511911158262635e-02
9.004441897370311310e+00,9.675730909347075581e-01
9.006454441400466138e+00,1.966756512136583535e+00
9.009828221851940100e+00,2.970407151989108208e+00
9.014559202816215588e+00,3.978493753042845693e+00
9.020514375852721756e+00,4.991201253572175922e+00
9.027855000761618953e+00,6.008563517448557434e+00
9.036742337342928977e+00,7.030614408543515381e+00
9.046737001190230387e+00,8.057596167185945291e+00
9.058298556252509570e+00,9.089422840294000494e+00
9.071287940226563151e+00,1.012623247996786446e+01
9.085643693777750940e+00,1.116815662715649182e+01
9.101600643766412091e+00,1.221519137713061376e+01
9.118944142874770620e+00,1.326749692186652041e+01
8.175033700022147798e+00,-1.635702939984584958e+01
8.155816442116426757e+00,-1.542445443252035453e+01
8.137572229248053901e+00,-1.448859612489234472e+01
8.120603401474923544e+00,-1.354954303646590574e+01
8.104538087587611628e+00,-1.260713758168687804e+01
8.089545619203301285e+00,-1.166128338178495483e+01
8.076005939348448237e+00,-1.071207550741551096e+01
8.063396006784740777e+00,-9.759312093272356492e+00
8.052032287249733855e+00,-8.802972297786624267e+00
8.041766637645938687e+00,-7.842988398119183913e+00
8.032687759690450235e+00,-6.879280947435569615e+00
8.024880319191872502e+00,-5.911801756350561377e+00
8.018196173052567488e+00,-4.940483102025041262e+00
8.012649446952744725e+00,-3.965215583386272336e+00
8.008474967752336582e+00,-2.986003105163291593e+00
8.005454052225182693e+00,-2.002716732829341151e+00
8.003749978125563658e+00,-1.015306973788174805e+00
8.003219647242048040e+00,-2.366703338907427678e-02
8.004018265511600561e+00,9.721900660654418935e-01
8.006170048385451210e+00,1.972451869271817149e+00
8.009597392894889367e+00,2.977124887381287888e+00
8.014236821751023143e+00,3.986325032618152076e+00
8.020325179768448720e+00,5.000064028977825537e+00
8.027798989658268880e+00,6.018457788684577814e+00
8.036600827994346830e+00,7.041669110136720811e+00
8.046800225928354422e+00,8.069628967284144139e+00
8.058347831851184750e+00,9.102562673423975070e+00
8.071478472623187628e+00,1.014046632382702740e+01
8.085969429109551854e+00,1.118343759557071948e+01
8.101990032927462337e+00,1.223157286742532435e+01
8.119399203819465782e+00,1.328499456276636437e+01
7.173811387369177339e+00,-1.636953367791506864e+01
7.154566054644076800e+00,-1.543596107863064759e+01
7.136363298108133080e+00,-1.449917416509386392e+01
7.119364377561507418e+00,-1.355913907343325775e+01
7.103503797761042016e+00,-1.261575552014927837e+01
7.088705973692294826e+00,-1.166900136536594523e+01
7.074989066943576432e+00,-1.071873595056089989e+01
7.062510301406536684e+00,-9.764956669312066850e+00
7.051041913060722699e+00,-8.807604916353767521e+00
7.040825791606378559e+00,-7.846629895878789895e+00
7.031801486685988145e+00,-6.881892252575841695e+00
7.023965971368169470e+00,-5.913415429531946543e+00
7.017337407241227787e+00,-4.941058768224803721e+00
7.011844245199231551e+00,-3.964768871329019451e+00
7.007721312102534128e+00,-2.984549643573783495e+00
7.004757996541862930e+00,-2.000209635533449326e+00
7.003031901485911703e+00,-1.011755358359338386e+00
7.002781889703543428e+00,-1.915945933125895451e-02
7.003568576787911226e+00,9.778203018797808621e-01
7.005620735736589388e+00,1.979133134370435698e+00
7.009181265226948732e+00,2.984837648310278535e+00
7.013957914972515084e+00,3.995100546826894750e+00
7.020103872956561908e+00,5.009893178892911081e+00
7.027490166646750858e+00,6.029431740232171322e+00
7.036345569040656223e+00,7.053665439941330106e+00
7.046616692620800038e+00,8.082788333868094810e+00
7.058295465570438409e+00,9.116737907113567019e+00
7.071416193111505599e+00,1.015577984799780609e+01
7.086046388441559429e+00,1.119982950174596681e+01
7.102059096982933362e+00,1.224911869280643728e+01
7.119611542626858025e+00,1.330365002760144044e+01
6.172906461160579283e+00,-1.638261751710536629e+01
6.153702584767765771e+00,-1.544811631191215895e+01
6.135549356381419628e+00,-1.451033827756785044e+01
6.118524378969670607e+00,-1.356928992522359856e+01
6.102631688441588764e+00,-1.262493999743021256e+01
6.087885410476554071e+00,-1.167717909311459579e+01
6.074142446862850875e+00,-1.072590041762597224e+01
6.061784758581191923e+00,-9.771183412894995257e+00
6.050444510330517112e+00,-8.812839235918053404e+00
6.040209394851084213e+00,-7.850796254223039838e+00
6.031304149231823786e+00,-6.885136516162612352e+00
6.023597782986554350e+00,-5.915659454737796530e+00
6.016870603911567805e+00,-4.942243949784042023e+00
6.011507599919113431e+00,-3.964946000144909277e+00
6.007364663820198736e+00,-2.983666625531996353e+00
6.004452894363235593e+00,-1.998319867959406304e+00
6.002859984288207329e+00,-1.008834094954924154e+00
6.002442835383254405e+00,-1.510251186773436949e-02
6.003357662562901709e+00,9.828696733619080028e-01
6.005472466363703354e+00,1.985275213370714775e+00
6.009086559912032222e+00,2.992002105567530990e+00
6.013917782692693947e+00,4.003295196703481551e+00
6.020130421437234425e+00,5.019211793737072824e+00
6.027725485122784832e+00,6.039759711030692202e+00
6.036572992240154534e+00,7.065147329945713928e+00
6.046899697832661680e+00,8.095308230854103115e+00
6.058646160519921331e+00,9.130389583429508349e+00
6.071900073041906154e+00,1.017046302014409065e+01
6.086448806035098080e+00,1.121570436169886165e+01
6.102604789328538004e+00,1.226610319221328105e+01
6.120147321741526980e+00,1.332177281748947095e+01
5.152842230093297893e+00,-1.545963988505432418e+01
5.134734493947751943e+00,-1.452090198735182014e+01
5.117832611745780191e+00,-1.357890028280077566e+01
5.101989449367016149e+00,-1.263355923419975646e+01
5.087141529522556382e+00,-1.168476292932455074e+01
5.073597246132932170e+00,-1.073255304150507783e+01
5.061215518940402447e+00,-9.776807147365794037e+00
5.049923789862337919e+00,-8.817479663943698753e+00
5.039814796523930163e+00,-7.854459886954773928e+00
5.030817998796521806e+00,-6.887686604711275251e+00
5.023085575686267568e+00,-5.917196282602882995e+00
5.016490572614935139e+00,-4.942757096181048304e+00
5.011178105749061196e+00,-3.964460211372019316e+00
5.007166336676812435e+00,-2.982164969653425146e+00
5.004236582172032932e+00,-1.995742436498481487e+00
5.002625687048904979e+00,-1.005180887911562460e+00
5.002339705170615325e+00,-1.043343771871985126e-02
5.003235538325177423e+00,9.886067087309864387e-01
5.005484536083882219e+00,1.992051558932509625e+00
5.009237868476044575e+00,2.999856833133784484e+00
5.014056151094387737e+00,4.012264771663870633e+00
5.020247777859585092e+00,5.029233701192806549e+00
5.027906495374384832e+00,6.050882140366909745e+00
5.036966808395625605e+00,7.077310372685672313e+00
5.047359185771641776e+00,8.108587424199264149e+00
5.059095735227964852e+00,9.144807067255856126e+00
5.072413301579203448e+00,1.018598102585094978e+01
5.087099255461829728e+00,1.123228512068549989e+01
5.103318892584516320e+00,1.228378447308037735e+01
5.120931132689667820e+00,1.334060150641113829e+01
5.140097235577444579e+00,1.440277008454926921e+01
4.151906025593726568e+00,-1.547296596947751013e+01
4.133846808620365465e+00,-1.453324476532976028e+01
4.116916851599293992e+00,-1.359024542881986974e+01
4.101043596447031092e+00,-1.264392237698468335e+01
4.086396374781050334e+00,-1.169417923105395118e+01
4.072750449511857163e+00,-1.074093394267487511e+01
4.060491817528969705e+00,-9.784234696328701020e+00
4.049178067494430877e+00,-8.823862694773648485e+00
4.039122638213990868e+00,-7.859820539527749617e+00
4.030101801575855625e+00,-6.892018367875955676e+00
4.022496509583610269e+00,-5.920543436111278979e+00
4.015875449647436923e+00,-4.945090989005881177e+00
4.010698185716739417e+00,-3.965746979641790126e+00
4.006663386710889618e+00,-2.982415034152569255e+00
4.003863790255506316e+00,-1.994984448254262910e+00
4.002382044204923162e+00,-1.003422661286450968e+00
4.002153662293119751e+00,-7.621575387197099261e-03
4.002957943339533031e+00,9.925321152455799378e-01
4.005338108125045871e+00,1.996992832552742181e+00
4.008922285440224442e+00,3.005918162088450085e+00
4.013877788948002845e+00,4.019388853898317571e+00
4.020206636602635442e+00,5.037420536707034380e+00
4.027926989992426599e+00,6.060153869036901675e+00
4.037046920934406202e+00,7.087651365786767244e+00
4.047501943162543192e+00,8.120021124818483926e+00
4.059302146447976156e+00,9.157341289755599689e+00
4.072688411514246987e+00,1.019965484204290540e+01
4.087440037180377850e+00,1.124707508748262974e+01
4.103723328132313775e+00,1.229967496175798836e+01
4.121329690915046307e+00,1.335766154301937370e+01
4.140639068555023172e+00,1.442093976061135940e+01
3.150587683573092157e+00,-1.548742904607476767e+01
3.132650552832525470e+00,-1.454676230408256998e+01
3.115844699997939227e+00,-1.360280180100340530e+01
3.099946396957819594e+00,-1.265545767412228173e+01
3.085422270501476216e+00,-1.170476117598471433e+01
3.071827891335854321e+00,-1.075050913807331554e+01
3.059316447444939691e+00,-9.792730211415639374e+00
3.048130837505541813e+00,-8.831365785841915894e+00
3.038199512411868142e+00,-7.866362464026822821e+00
3.029377355997813215e+00,-6.897629080044179517e+00
3.021606944837241571e+00,-5.925002835495673637e+00
3.015264186048098871e+00,-4.948610058486056396e+00
3.009913731132048742e+00,-3.968177251236953751e+00
3.005933505161296537e+00,-2.983815113128400309e+00
3.003188481741006832e+00,-1.995354334610788705e+00
3.001686732688210846e+00,-1.002732400785272038e+00
3.001442383682701998e+00,-5.839910578931739593e-03
3.002453416770223704e+00,9.953075072835138037e-01
3.004891181522217458e+00,2.000821860297059107e+00
3.008536994712246226e+00,3.010832082988573521e+00
3.013550098186646764e+00,4.025356410504783433e+00
3.020016166730710161e+00,5.044450846593253601e+00
3.027720553026801653e+00,6.068275583230234638e+00
3.036750949814751355e+00,7.096902252887931084e+00
3.047268616895152604e+00,8.130364719437757515e+00
3.059361247007414075e+00,9.168734615352038375e+00
3.072732553957107093e+00,1.021214738630876084e+01
3.087551869361000900e+00,1.126069941107838090e+01
3.103827265036259497e+00,1.231445320455964598e+01
3.121644415768608738e+00,1.337346477050007998e+01
3.140949934040421887e+00,1.443792816474737961e+01
2.131446225227234148e+00,-1.456034235773410401e+01
2.114535703581978066e+00,-1.361536989718243973e+01
2.098914692711764118e+00,-1.266709325475942904e+01
2.084217375269926453e+00,-1.171530795873681186e+01
2.070744073359972237e+00,-1.076011819734332597e+01
2.058284175572629771e+00,-9.801332521153321764e+00
2.047076544676756260e+00,-8.838923577446641033e+00
2.037119162718100895e+00,-7.872906994947943105e+00
2.028424137422054407e+00,-6.903189001309015360e+00
2.020782875334031559e+00,-5.929562518379588809e+00
2.014416077634158864e+00,-4.952140851961703838e+00
2.009045619715895015e+00,-3.970647897854897579e+00
2.005125011665878976e+00,-2.985216495315269558e+00
2.002435570257675046e+00,-1.995717709815923779e+00
2.000989403217242391e+00,-1.002057769008783739e+00
2.000798618269702178e+00,-4.142900545469396789e-03
2.001944854292399878e+00,9.980516418720379868e-01
2.004289048981991339e+00,2.004663910343963185e+00
2.008147668075899173e+00,3.015714746439274396e+00
2.013218371516777072e+00,4.031292709661839169e+00
2.019596923861072924e+00,5.051531947382885690e+00
2.027438531046735992e+00,6.076419437299579229e+00
2.036532581664076691e+00,7.106146628837717749e+00
2.047185451679513157e+00,8.140656219942647098e+00
2.059194601500798250e+00,9.180202174938806081e+00
2.072555995219418357e+00,1.022475323637678457e+01
2.087512531512743408e+00,1.127436801442615533e+01
2.103931201940208773e+00,1.232923144736132848e+01
2.121746511258645107e+00,1.338944381868173927e+01
2.141114674382722960e+00,1.445499992044715043e+01
1.130737784748112595e+00,-1.457372704742296499e+01
1.113799188283616237e+00,-1.362775695491241734e+01
1.098002968473791308e+00,-1.267840714332911389e+01
1.083579916270474230e+00,-1.172571277485165808e+01
1.069933423375163839e+00,-1.076943421557318814e+01
1.057827411749295177e+00,-9.809730349354952139e+00
1.046593723988436198e+00,-8.846308144964693199e+00
1.036614321073308531e+00,-7.879247044333010486e+00
1.027826734692133481e+00,-6.908423320873357198e+00
1.020233991776154703e+00,-5.933813531498642213e+00
1.013849209028463871e+00,-4.955316089498404075e+00
1.008683485197048757e+00,-3.972845036886647030e+00
1.004967611233877234e+00,-2.986435535842097089e+00
1.002184599763415118e+00,-1.995838834884385182e+00
1.000798050643581627e+00,-1.001109629646101729e+00
1.000591298602337531e+00,-2.103356875701067885e-03
1.001870719605953308e+00,1.001122681372150103e+00
1.004352135184983563e+00,2.008797703123883949e+00
1.008039581247934358e+00,3.020952965828854087e+00
1.013249523532361529e+00,4.037609311055931904e+00
1.019691729706047489e+00,5.058949070657421387e+00
1.027593963789294351e+00,6.084913639367631077e+00
1.036903847242034882e+00,7.115704887396546496e+00
1.047471219012095833e+00,8.151374908858674218e+00
1.059539986754117091e+00,9.191990128285908668e+00
1.073116204330867074e+00,1.023759743185234505e+01
1.087921747135661255e+00,1.128847292375846578e+01
1.104483692315329835e+00,1.234444599614751858e+01
1.122437231500189370e+00,1.340572893511011188e+01
1.141801535256099509e+00,1.447247021353080854e+01
1.162886006480300161e+00,1.554463597244217432e+01
1.294125564279293705e-01,-1.458702839045195887e+01
1.124519390069607105e-01,-1.364001377980842378e+01
9.685238146695751560e-02,-1.268974838461899068e+01
8.240529035290999893e-02,-1.173602512673326892e+01
6.888592857575281947e-02,-1.077876195779852786e+01
5.668231097883147385e-02,-9.817991433571251036e+00
4.542458430738638420e-02,-8.853540339772738577e+00
3.557634841892176603e-02,-7.885463372035402152e+00
2.684333507284408782e-02,-6.913609455956414962e+00
1.938075020640273038e-02,-5.937991613838379479e+00
1.305356742518959390e-02,-4.958440536131784704e+00
7.939389697484144914e-03,-3.974962733987773333e+00
4.056378611735578232e-03,-2.987417548884057528e+00
1.478101228118477994e-03,-1.995842749421423257e+00
-1.387778780781445676e-17,-1.000000000000000000e+00
0.000000000000000000e+00,0.000000000000000000e+00
1.267489818428779724e-03,1.004348700004374484e+00
3.732938303614263820e-03,2.013115126063235838e+00
7.708775285017677170e-03,3.026288862295893889e+00
1.290476842999932483e-02,4.044052240554776745e+00
1.948217753872094615e-02,5.066439124711369146e+00
2.729992235414346879e-02,6.093571938141013611e+00
3.659686564428632494e-02,7.125478033564175639e+00
4.730549421229535145e-02,8.162242065755494380e+00
5.936434872324003464e-02,9.203995575663954654e+00
7.301027399215231917e-02,1.025075028728496207e+01
8.810622566965742308e-02,1.130265988144348732e+01
1.046582576181052104e-01,1.235977124431378371e+01
1.226865493809068397e-01,1.342224066314264697e+01
1.421215698058266863e-01,1.449013716398035534e+01
1.631265966475636819e-01,1.556351023942300493e+01
-8.880762476469142852e-01,-1.365443256684586437e+01
-9.037744201349556805e-01,-1.270310832800976542e+01
-9.183211351741702444e-01,-1.174833404083973498e+01
-9.317143748103032808e-01,-1.079009407661108177e+01
-9.439430402949436916e-01,-9.828302477337938825e+00
-9.549980508340802920e-01,-8.862888913759112697e+00
-9.647927226644360532e-01,-7.893789567764843973e+00
-9.734762078610588176e-01,-6.920944530878291978e+00
-9.809587957295730076e-01,-5.944266541902593737e+00
-9.872344324072139798e-01,-4.963708714663674471e+00
-9.922889922141828745e-01,-3.979161648088588077e+00
-9.961164212877084978e-01,-2.990578456003207375e+00
-9.987126837192844553e-01,-1.997927880958177971e+00
-9.999064299376008158e-01,-1.001097915458407650e+00
-9.999999999999998890e-01,0.000000000000000000e+00
-9.987504952295336302e-01,1.005424475586742306e+00
-9.961498438090305996e-01,2.015238026200624422e+00
-9.921839200587002638e-01,3.029550052914538050e+00
-9.870079299159323361e-01,4.048373578031125852e+00
-9.804424519922604331e-01,5.071883123944172844e+00
-9.724119012732443945e-01,6.100056550777668285e+00
-9.630492861993154019e-01,7.133078796805921051e+00
-9.522790217564561788e-01,8.170927722153045636e+00
-9.399257224642867392e-01,9.213746591763321447e+00
-9.263632774866328301e-01,1.026167736246628870e+01
-9.112792569944592191e-01,1.131470961838135203e+01
-8.947351203224036542e-01,1.237297490045749626e+01
-8.765635538076843591e-01,1.343655395874029601e+01
-8.569832406761652699e-01,1.450557572775653448e+01
-8.358329211281074755e-01,1.558007407137782607e+01
-1.889381384694848176e+00,-1.366818583968014522e+01
-1.905027002102050782e+00,-1.271584703694943208e+01
-1.919526206945787461e+00,-1.176009725769663739e+01
-1.932944494469917451e+00,-1.080083621842200792e+01
-1.945118586919601267e+00,-9.838014426529488432e+00
-1.956045457363173812e+00,-8.871608438932115703e+00
-1.965785556158572867e+00,-7.901478900318473109e+00
-1.974566647325970870e+00,-6.927567205422991314e+00
-1.982065202288189054e+00,-5.949797812140206865e+00
-1.988132068970609012e+00,-4.968230628946887606e+00
-1.993286252702745287e+00,-3.982632533087493876e+00
-1.996984532703866000e+00,-2.993049102621178292e+00
-1.999517141306188739e+00,-1.999298005695637315e+00
-2.000804457586763174e+00,-1.001370124737500866e+00
-2.000760806759871890e+00,7.905440007007769054e-04
-1.999455719977319745e+00,1.007253026569177035e+00
-1.996866999741866655e+00,2.018189238939513519e+00
-1.992766882033626175e+00,3.033540575846199072e+00
-1.987450644069902239e+00,4.053450297329548313e+00
-1.980823530271238919e+00,5.078044736398360293e+00
-1.972878477797595176e+00,6.107378593589081639e+00
-1.963454226848812212e+00,7.141485732773169559e+00
-1.952536651745095497e+00,8.180475555023543066e+00
-1.940197301592371915e+00,9.224401457665624804e+00
-1.926569184831217196e+00,1.027344837897373786e+01
-1.911341889586836817e+00,1.132759027434270749e+01
-1.894728045222763502e+00,1.238700296447343874e+01
-1.876562356030321954e+00,1.345175157068682026e+01
-1.856836750192485841e+00,1.452189860788167231e+01
-1.835686254104082149e+00,1.559761338560765864e+01
-2.890448844491118940e+00,-1.368313600826140153e+01
-2.905971366688681279e+00,-1.272984385332382651e+01
-2.920417007474731541e+00,-1.177307169581397517e+01
-2.933630560911871576e+00,-1.081283255803443666e+01
-2.945828692272145943e+00,-9.848981876733692076e+00
-2.956854177663900352e+00,-8.881517045489637496e+00
-2.966543739332715646e+00,-7.910388571706069349e+00
-2.975193663473587602e+00,-6.935461009704868118e+00
-2.982565087317796682e+00,-5.956707006765798340e+00
-2.988801109076773876e+00,-4.974019768238141737e+00
-2.993820089873592938e+00,-3.987374547823727244e+00
-2.997532319014299951e+00,-2.996684084325566211e+00
-2.999934769567085269e+00,-2.001924934656703847e+00
-3.001089909843870807e+00,-1.002973372230583138e+00
-3.000990677004752971e+00,2.253034893112682013e-04
-2.999621936392810273e+00,1.007788307938229710e+00
-2.996976625168146224e+00,2.019770341652631807e+00
-2.992968059567908679e+00,3.036235222742374340e+00
-2.987509555829388930e+00,4.057246769317355728e+00
-2.980820806155590308e+00,5.082926101541919373e+00
-2.972734496884001487e+00,6.113353969461803317e+00
-2.963320159166154433e+00,7.148599399127077092e+00
-2.952418551156141824e+00,8.188680625684536807e+00
-2.939935926251215026e+00,9.233716167780499973e+00
-2.926238101798039004e+00,1.028391049714322314e+01
-2.911018701830339506e+00,1.133920631171807258e+01
-2.894331113865875604e+00,1.239979766735283562e+01
-2.876024167875345317e+00,1.346564028429536641e+01
-2.856304439360068947e+00,1.453695686942088550e+01
-2.835086253533905420e+00,1.561380342647673558e+01
-2.812127720696604882e+00,1.669623075127021750e+01
-3.906446254095110149e+00,-1.274506491326136626e+01
-3.920838330823188667e+00,-1.178727037749451156e+01
-3.934153526139895440e+00,-1.082599583915534325e+01
-3.946220490473506537e+00,-9.861129290748946730e+00
-3.957267996821592249e+00,-8.892619941371947334e+00
-3.966906012386698155e+00,-7.920484718056124862e+00
-3.975422751546648481e+00,-6.944525660224551977e+00
-3.982967366376069407e+00,-5.964682859400512349e+00
-3.989076257017033722e+00,-4.981011011216542883e+00
-3.993962052833072374e+00,-3.993334294971716325e+00
-3.997692267021597079e+00,-3.001568055891200792e+00
-3.999964559524848529e+00,-2.005800853479045021e+00
-4.001061090858024194e+00,-1.005787840984181614e+00
-4.000973789204095965e+00,-1.466503507791649952e-03
-3.999618997731599013e+00,1.007203533972931941e+00
-3.996915077563327312e+00,2.020247017756048979e+00
-3.992694715036485764e+00,3.037744697887241774e+00
-3.987250160437132429e+00,4.059863277493917622e+00
-3.980573341948665522e+00,5.086665271475018457e+00
-3.972425396802082620e+00,6.118178032550694923e+00
-3.962945387300726985e+00,7.154539612821171346e+00
-3.951904540447024328e+00,8.195699221383103250e+00
-3.939505395833074353e+00,9.241910822560940986e+00
-3.925739881642275719e+00,1.029323693125360073e+01
-3.910301621907933622e+00,1.134962024540631731e+01
-3.893625965128519884e+00,1.241133426279753493e+01
-3.875322878506297641e+00,1.347836205639539386e+01
-3.855378236361609368e+00,1.455081302727288062e+01
-3.834090342843284205e+00,1.562880699238330173e+01
-3.811061093336975958e+00,1.671238953959376872e+01
-4.907745425550308127e+00,-1.275937951697393480e+01
-4.922087974128931620e+00,-1.180059386039951796e+01
-4.935425190401973694e+00,-1.083827480392743325e+01
-4.947442626586266989e+00,-9.872417134713401765e+00
-4.958281362938991244e+00,-8.902898429382043233e+00
-4.968088533581076938e+00,-7.929643150731759071e+00
-4.976551708682918296e+00,-6.952661714643253887e+00
-4.983965156485675507e+00,-5.971803046713561436e+00
-4.989940862145719080e+00,-4.987099702699221204e+00
-4.994844643009715313e+00,-3.998347210871998847e+00
-4.998521293140276711e+00,-3.005558593534536804e+00
-5.000807534782973462e+00,-2.008684358090576438e+00
-5.001993600270174589e+00,-1.007542172687854620e+00
-5.001769077726675228e+00,-2.158081931753041971e-03
-5.000285137181769812e+00,1.007512193929932298e+00
-4.997587094335917079e+00,2.021725225643673074e+00
-4.993456265962823437e+00,3.040352078682614145e+00
-4.987876508428431777e+00,4.063517782844421333e+00
-4.981058433142020014e+00,5.091413787554683879e+00
-4.972922419180627607e+00,6.124049210386856679e+00
-4.963149982852447017e+00,7.161460521634471554e+00
-4.952190598335603156e+00,8.203811818003039491e+00
-4.939797331044216477e+00,9.251192967111514065e+00
-4.925892578009729128e+00,1.030359745780864422e+01
-4.910384610583363951e+00,1.136112818001597269e+01
-4.893563661097351414e+00,1.242396746558572218e+01
-4.875188848828853061e+00,1.349215829596288252e+01
-4.855250084006442535e+00,1.456577881477095282e+01
-4.833810843919173372e+00,1.564494493423412891e+01
-4.810862047772317851e+00,1.672972698361347810e+01
-5.909574789353889912e+00,-1.277415517296912739e+01
-5.923939358888988593e+00,-1.181432499826175331e+01
-5.937071841075178824e+00,-1.085102784328469028e+01
-5.949184865275988443e+00,-9.884087887337010159e+00
-5.960047640539580804e+00,-8.913540292597316395e+00
-5.969650077094818208e+00,-7.939306915442083223e+00
-5.978206822259061859e+00,-6.961227563895196369e+00
-5.985564688049592519e+00,-5.979330888983811931e+00
-5.991554342849084946e+00,-4.993520511937694195e+00
-5.996328974640815268e+00,-4.003767781729468567e+00
-6.000019573910679860e+00,-3.009872131360243230e+00
-6.002172630572595757e+00,-2.011966400085870355e+00
-6.003299078138920386e+00,-1.009754950252115924e+00
-6.003092540643379493e+00,-3.295083913618102045e-03
-6.001614477420896598e+00,1.007544739878662998e+00
-5.998634097519496500e+00,2.022729358946059985e+00
-5.994439615317153525e+00,3.042456733865484431e+00
-5.988867753059442300e+00,4.066776357233168326e+00
-5.982063626912472287e+00,5.095779394975264331e+00
-5.973784338198880661e+00,6.129524457261290138e+00
-5.964175003084767113e+00,7.168102710017452139e+00
-5.952994740847167066e+00,8.211557134688622028e+00
-5.940464252666348699e+00,9.260001037076849073e+00
-5.926412188970862083e+00,1.031354642467718641e+01
-5.911061268895659637e+00,1.137229097456709503e+01
-5.894168593763511765e+00,1.243629329691618679e+01
-5.875572903774251898e+00,1.350558725559597661e+01
-5.855711565380195438e+00,1.458043071966003623e+01
-5.834125014632064676e+00,1.566073773602648700e+01
-5.811097429999461106e+00,1.674673752272169835e+01
-6.924538085671661847e+00,-1.182868257361141318e+01
-6.937691579837194311e+00,-1.086433308613900550e+01
-6.949827633971605856e+00,-9.896356426420700458e+00
-6.960557224254276143e+00,-8.924777335850633264e+00
-6.970257266780288674e+00,-7.949477300686469405e+00
-6.978609277857820814e+00,-6.970419850634564263e+00
-6.985983110742056468e+00,-5.987431771416094506e+00
-6.991915165575067093e+00,-5.000567758663593487e+00
-6.996705764460218191e+00,-4.009723624148364252e+00
-7.000267214657957204e+00,-3.014827735398093900e+00
-7.002581354579548112e+00,-2.015739433890551879e+00
-7.003425465090467483e+00,-1.012556396703099493e+00
-7.003228840825857837e+00,-4.958239883387838276e-03
-7.001768762651337852e+00,1.006957359491261528e+00
-6.998722710966433169e+00,2.023258129163832741e+00
-6.994542177903535496e+00,3.044092537115062225e+00
-6.988829058847875864e+00,4.069506171211936696e+00
-6.981881657948706632e+00,5.099618848407885707e+00
-6.973542751314515620e+00,6.134433175125053594e+00
-6.963861690553989625e+00,7.174174464660450390e+00
-6.952542189472556977e+00,8.218707271336048947e+00
-6.940015560659899663e+00,9.268336350379620114e+00
-6.925973410195489954e+00,1.032302002846118505e+01
-6.910552782428410090e+00,1.138291198640571800e+01
-6.893512796635547168e+00,1.244805520565810042e+01
-6.874920966014310686e+00,1.351853434099316331e+01
-6.854991937882489950e+00,1.459450958438711510e+01
-6.833329625579713351e+00,1.567601089498229427e+01
-6.810154730286112290e+00,1.676315157858071103e+01
-6.785449090413940176e+00,1.785607229370485882e+01
-7.925646825260152184e+00,-1.184334491399664913e+01
-7.938671170353280182e+00,-1.087799518814330568e+01
-7.950676057461024016e+00,-9.909002661319320282e+00
-7.961503253714610651e+00,-8.936356912740283320e+00
-7.970992508291002920e+00,-7.960031892897042383e+00
-7.979442125339306635e+00,-6.979907784836181683e+00
-7.986531603213880892e+00,-5.995932489539322674e+00
-7.992559246063549061e+00,-5.007986190053132169e+00
-7.997439379102730506e+00,-4.016012882630072056e+00
-8.000712438382009850e+00,-3.020098520352059612e+00
-8.003046581305818918e+00,-2.019950071986839735e+00
-8.004053793030669439e+00,-1.015600093290936368e+00
-8.003723983785281604e+00,-6.970440640812647359e-03
-8.002047063798229942e+00,1.006017029586973255e+00
-7.998941394192731202e+00,2.023387063690660348e+00
-7.994617586377629870e+00,3.045331111095770371e+00
-7.989067568536041719e+00,4.071911686701165323e+00
-7.982132098822062538e+00,5.103147025653608893e+00
-7.973723484495709002e+00,6.139108760425348699e+00
-7.963831635785847851e+00,7.179875034639876752e+00
-7.952515994072440364e+00,8.225593017970748377e+00
-7.939923693476277577e+00,9.276338247619493771e+00
-7.925807799411336951e+00,1.033220059120505319e+01
-7.910239860983541149e+00,1.139323344605287680e+01
-7.893128149544399008e+00,1.245953970208456063e+01
-7.874542196245585046e+00,1.353118838535021951e+01
-7.854384218575982679e+00,1.460832927194559083e+01
-7.832648162672393610e+00,1.569100924804467923e+01
-7.809399523778402852e+00,1.677932859714713132e+01
-7.784616104397185765e+00,1.787345923522468283e+01
-8.926723454120891077e+00,-1.185897362889138940e+01
-8.939770829147617448e+00,-1.089258719926739261e+01
-8.951643540251570386e+00,-9.922570990975394523e+00
-8.962415154492932245e+00,-8.948887235414691332e+00
-8.971926430025796151e+00,-7.971517697438464722e+00
-8.980316429153505808e+00,-6.990324324946488588e+00
-8.987425910030156118e+00,-6.005288882791992577e+00
-8.993320367898901324e+00,-5.016311087475431307e+00
-8.998067315957158030e+00,-4.023306284221972895e+00
-9.001505494404767660e+00,-3.026240609160159245e+00
-9.003704434393398515e+00,-2.025045036239877305e+00
-9.004574425228815571e+00,-1.019632304264193490e+00
-9.004258565122732705e+00,-9.895618582305587552e-03
-9.002442406292274768e+00,1.004170233650033994e+00
-8.999424252886264242e+00,2.022685069386187529e+00
-8.995187961270794119e+00,3.045773918423806403e+00
-8.989273967496449913e+00,4.073350827680944697e+00
-8.982197240984525877e+00,5.105680177362550864e+00
-8.973796521934854553e+00,6.142795831340167823e+00
-8.964061720576150805e+00,7.184775933237302681e+00
-8.952681416056504915e+00,8.231602252811059728e+00
-8.939940795822501229e+00,9.283496193725426338e+00
-8.925759229974051578e+00,1.034047468791618662e+01
-8.910197168868673856e+00,1.140267709069463464e+01
-8.893015749737514852e+00,1.247013075478090194e+01
-8.874276431915220087e+00,1.354296722112392537e+01
-8.854050764507713112e+00,1.462123988704914623e+01
-8.832240965003730793e+00,1.570509852865230016e+01
-8.808990131615134445e+00,1.679464994058416494e+01
-8.784132968633246108e+00,1.788995924416567007e+01
-9.940823242557280892e+00,-1.090802836946570231e+01
-9.952795577586400100e+00,-9.936961131889397336e+00
-9.963440060709610080e+00,-8.962292766672424804e+00
-9.972967303336179867e+00,-7.983831824389112874e+00
-9.981373269557591854e+00,-7.001547047590048756e+00
-9.988349565453319201e+00,-6.015480109605183756e+00
-9.994413178398906084e+00,-5.025382258954200765e+00
-9.998949338507545193e+00,-4.031352471021692807e+00
-1.000232789903441777e+01,-3.033217531528803690e+00
-1.000454280611675451e+01,-2.030930554301436430e+00
-1.000535317903143095e+01,-1.024448557894650058e+00
-1.000489606212754090e+01,-1.361786148355870196e-02
-1.000309788834490199e+01,1.001523766331135379e+00
-1.000001406315538688e+01,2.021154752672463140e+00
-9.995566983590297383e+00,3.045268586389159537e+00
-9.989883604227440372e+00,4.074097091929621328e+00
-9.982669656825942539e+00,5.107489194890966644e+00
-9.974201248038648160e+00,6.145736628198518403e+00
-9.964249604867699617e+00,7.188788600948845087e+00
-9.952953789616159952e+00,8.236783165242117732e+00
-9.940144470667263477e+00,9.289816699848735482e+00
-9.925966764186977542e+00,1.034798037069481325e+01
-9.910255374466629519e+00,1.141133929910124145e+01
-9.892930680583269520e+00,1.247990260264139017e+01
-9.874197240083393723e+00,1.355390861691503446e+01
-9.854042945241465290e+00,1.463345111427037537e+01
-9.832010250062330314e+00,1.571842851290077725e+01
-9.808759240133385404e+00,1.680919635893736697e+01
-9.783677163522083831e+00,1.790564004827083977e+01
-1.094207727485223280e+01,-1.092381597802953763e+01
-1.095392046080894310e+01,-9.951748502072270242e+00
-1.096465447808604310e+01,-8.975950963947509464e+00
-1.097412714767751396e+01,-7.996459829044862744e+00
-1.098240093789513416e+01,-7.013151370777787719e+00
-1.098939723679307612e+01,-6.026024285935215552e+00
-1.099532564680348479e+01,-5.034879310729174051e+00
-1.099995537697452619e+01,-4.039751607338283534e+00
-1.100327633753491874e+01,-3.040563032139012467e+00
-1.100527440280486502e+01,-2.037204184058467149e+00
-1.100617430987357359e+01,-1.029593014743850787e+00
-1.100573517801750256e+01,-1.768654275040493218e-02
-1.100394489951153965e+01,9.986090042701945002e-01
-1.100072587138670421e+01,2.019287115166571223e+00
-1.099628466914417757e+01,3.044570496813904459e+00
-1.099046810480039937e+01,4.074430498184737459e+00
-1.098325801676720559e+01,5.109007777801439332e+00
-1.097464835118182513e+01,6.148349221838111056e+00
-1.096463103622722812e+01,7.192517345193598644e+00
-1.095326551328381015e+01,8.241659317541497387e+00
-1.094038648664289504e+01,9.295840260202727023e+00
-1.092613705451633521e+01,1.035516696782807777e+01
-1.091035797505822913e+01,1.141965767556437150e+01
-1.089303512258877227e+01,1.248942178448455387e+01
-1.087422793848836378e+01,1.356460646426219263e+01
-1.085392431503146327e+01,1.464530548724554215e+01
-1.083204463129525941e+01,1.573152797100801337e+01
-1.080849312272231977e+01,1.682340806292052093e+01
-1.078340683366216091e+01,1.792109944380809949e+01
-1.075662652226872851e+01,1.902462034881753183e+01
-1.194277303997955997e+01,-1.094014016626963581e+01
-1.195455257210702094e+01,-9.966972168431885493e+00
-1.196508790916004017e+01,-8.990243417976275353e+00
-1.197457351891382693e+01,-8.009637435679463735e+00
-1.198287033906504817e+01,-7.025292273641761120e+00
-1.198973143502781546e+01,-6.037118064244127780e+00
-1.199559820916323183e+01,-5.044888195882320403e+00
-1.200024390642811767e+01,-4.048669088184276177e+00
-1.200357881612781519e+01,-3.048373479953268905e+00
-1.200552129938553669e+01,-2.043976624891030269e+00
-1.200620638259597328e+01,-1.035309213447995980e+00
-1.200577514601672036e+01,-2.224882224860369462e-02
-1.200385269150696566e+01,9.950704062400075323e-01
-1.200071815265051711e+01,2.016916761855983342e+00
-1.199620926067009030e+01,3.043331922833140801e+00
-1.199032500658854872e+01,4.074323703533866414e+00
-1.198297769766606180e+01,5.109963736430390924e+00
-1.197437794531147226e+01,6.150443470948235181e+00
-1.196428688675648644e+01,7.195790259807758105e+00
-1.195285367407516475e+01,8.246064011485508161e+00
-1.193990493974222922e+01,9.301392362201321262e+00
-1.192558781787790778e+01,1.036185084915656418e+01
-1.190973903072792162e+01,1.142748896494751065e+01
-1.189226483168909709e+01,1.249842522822032542e+01
-1.187345948900273918e+01,1.357481071337801026e+01
-1.185308212194516564e+01,1.465668840186531163e+01
-1.183112667665402995e+01,1.574410517985645441e+01
-1.180742785742051737e+01,1.683712616867229173e+01
-1.178233735591149589e+01,1.793606524111400446e+01
-1.175555283206920443e+01,1.904083383767754256e+01
-1.294450883372074301e+01,-1.095601373772323761e+01
-1.295623883769874851e+01,-9.981854619077921598e+00
-1.296678812389121305e+01,-9.004018835590507308e+00
-1.297629575460133466e+01,-8.022368335160777519e+00
-1.298460450593788451e+01,-7.036900511366511068e+00
-1.299140194807140070e+01,-6.047625780088393910e+00
-1.299713957313440993e+01,-5.054395673345624118e+00
-1.300164804950986408e+01,-4.057113812367827421e+00
-1.300499690834900512e+01,-3.055711171104986690e+00
-1.300687371982322027e+01,-2.050198165437574271e+00
-1.300764833718768720e+01,-1.040401581086708660e+00
-1.300700833061293160e+01,-2.633183393299853847e-02
-1.300509074444846824e+01,9.921647568485676416e-01
-1.300189154278578485e+01,2.015119448707427097e+00
-1.299732303288447532e+01,3.042603874115645812e+00
-1.299137108906517568e+01,4.074727434146236504e+00
-1.298402763951071037e+01,5.111552643698034082e+00
-1.297528461240406017e+01,6.153142017669800623e+00
-1.296527905209430820e+01,7.199649236886481063e+00
-1.295369651079829687e+01,8.251079514192293018e+00
-1.294060046580450418e+01,9.307548761811357707e+00
-1.292621363624830266e+01,1.036915465682125514e+01
-1.291028908754324789e+01,1.143598706684080213e+01
-1.289282177480397706e+01,1.250808506368185213e+01
-1.287401322864588238e+01,1.358571042603133705e+01
-1.285341700182181057e+01,1.466867561409652154e+01
-1.283138377702162991e+01,1.575730231504106627e+01
-1.280774926751379894e+01,1.685164783582348491e+01
-1.278251246432132682e+01,1.795171999080619685e+01
-1.275557054004703872e+01,1.905770762789653361e+01
-1.395757450887090911e+01,-9.997666973939844937e+00
-1.396813976215707775e+01,-9.018739786145342663e+00
-1.397736303785753798e+01,-8.036102069637227174e+00
-1.398546503715298428e+01,-7.049640518613317752e+00
-1.399250923733189822e+01,-6.059239220849529595e+00
-1.399825879358009395e+01,-5.064886452350237711e+00
-1.400278121909485129e+01,-4.066497558340675056e+00
-1.400591928998452040e+01,-3.064069932398771900e+00
-1.400781005059818263e+01,-2.057449893699554444e+00
-1.400859659914783784e+01,-1.046530647592193386e+00
-1.400781735372939352e+01,-3.138251843401196339e-02
-1.400598728376456314e+01,9.882588739800621802e-01
-1.400257325824374632e+01,2.012269807967382196e+00
-1.399793504065056204e+01,3.040901641430225233e+00
-1.399184385798728769e+01,4.074103583465232603e+00
-1.398450830370964049e+01,5.112082712222976610e+00
-1.397592232395429157e+01,6.154885913877363279e+00
-1.396562030090919926e+01,7.202474121520618056e+00
-1.395396805192102896e+01,8.255051806880974397e+00
-1.394095346926424028e+01,9.312712742306686664e+00
-1.392656848112180690e+01,1.037551944269654669e+01
-1.391042305469598972e+01,1.144345498101872494e+01
-1.389295052053087076e+01,1.251680848377628053e+01
-1.387392614153738180e+01,1.359549790261651481e+01
-1.385340128727888498e+01,1.467973292211184599e+01
-1.383121671590947521e+01,1.576953177740909062e+01
-1.380758102088416983e+01,1.686510154665856120e+01
-1.378219186214520242e+01,1.796635367035626274e+01
-1.375524976133070787e+01,1.907355774155134043e+01
-1.495847189288352830e+01,-1.001433760054549538e+01
-1.496890799709728448e+01,-9.034410174370004043e+00
-1.497822484286028732e+01,-8.050674542403466916e+00
-1.498634079129490004e+01,-7.063105958347836832e+00
-1.499324978853877610e+01,-6.071657536028943980e+00
-1.499886414185193750e+01,-5.076257642974547402e+00
-1.500340253446039718e+01,-4.076777344657900315e+00
-1.500647695152067129e+01,-3.073249196835526220e+00
-1.500837964331952534e+01,-2.065506496379812873e+00
-1.500903098893386201e+01,-1.053540125717402631e+00
-1.500833522380667873e+01,-3.721593747729112778e-02
-1.500621676292353257e+01,9.834439284645397628e-01
-1.500288621769369257e+01,2.008630921533734792e+00
-1.499825791333144309e+01,3.038401045477765017e+00
-1.499217866185364123e+01,4.072725649269351322e+00
-1.498469983282364915e+01,5.111814417480934125e+00
-1.497581940828721692e+01,6.155682978837178965e+00
-1.496567443259342767e+01,7.204485014163052981e+00
-1.495395247591337728e+01,8.258210107578062065e+00
-1.494086414965591558e+01,9.317049708507726180e+00
-1.492633386880702595e+01,1.038098167707615893e+01
-1.491018826584086376e+01,1.145013364950303014e+01
-1.489264400602946381e+01,1.252465018903991734e+01
-1.487354386548118690e+01,1.360453390210883740e+01
-1.485294123171364689e+01,1.468997884455756875e+01
-1.483067888083519392e+01,1.578098762280821887e+01
-1.480682230808898581e+01,1.687766052036027631e+01
-1.478135133393246470e+01,1.798015382446076060e+01
-1.475447858772914955e+01,1.908864335581066030e+01
-1.472566892051519361e+01,2.020302102145195633e+01
-1.595967271420120781e+01,-1.003153569906177722e+01
-1.596997361547978578e+01,-9.050561148331222938e+00
-1.597930642833635062e+01,-8.065734112057612037e+00
-1.598729120974444129e+01,-7.077149660896316696e+00
-1.599421415612776087e+01,-6.084594205545591272e+00
-1.599992207950318246e+01,-5.088096397032854767e+00
-1.600424766620777106e+01,-4.087575485312441081e+00
-1.600733603240763259e+01,-3.082940304458247738e+00
-1.600910150331705140e+01,-2.074134850722753498e+00
-1.600968717714802381e+01,-1.061052329455128174e+00
-1.600893179409995781e+01,-4.365887678395541371e-02
-1.600689681350793236e+01,9.781770482397926791e-01
-1.600350059649458956e+01,2.004480191914162379e+00
-1.599880863830308897e+01,3.035350837738675089e+00
-1.599265766117901144e+01,4.070838478309564579e+00
-1.598503555739681481e+01,5.111036885975027921e+00
-1.597623457724299101e+01,6.156112763862570780e+00
-1.596594430884273841e+01,7.206040067367045943e+00
-1.595423024743922547e+01,8.260919079987917968e+00
-1.594099662847544607e+01,9.320883949096195664e+00
-1.592646617108620788e+01,1.038603235176935158e+01
-1.591024884247376825e+01,1.145634736097552775e+01
-1.589248168698707531e+01,1.253198265753962204e+01
-1.587352850401895843e+01,1.361315834191474039e+01
-1.585277654163644456e+01,1.469975980999145548e+01
-1.583051603217190184e+01,1.579196939362210728e+01
-1.580650004103944184e+01,1.688987696042565645e+01
-1.578102687238831336e+01,1.799360232735555698e+01
-1.575392517664707626e+01,1.910325750190683181e+01
-1.572503571196981653e+01,2.021886071922625305e+01
-1.697156539030216393e+01,-9.067141917125685069e+00
-1.698083656728358903e+01,-8.081229987696321615e+00
-1.698875971281696806e+01,-7.091560643379149376e+00
-1.699562707718792609e+01,-6.097967181046800356e+00
-1.700126932877983776e+01,-5.100353221928863867e+00
-1.700545769459499112e+01,-4.098769556928666624e+00
-1.700855799198004803e+01,-3.093011714317978722e+00
-1.701041299704335330e+01,-2.083077087674695349e+00
-1.701085741407623431e+01,-1.068900555677921638e+00
-1.701003837719920142e+01,-5.040658112618245923e-02
-1.700793772482352750e+01,9.725454945026981157e-01
-1.700447583602667834e+01,1.999964788782270908e+00
-1.699971618809741614e+01,3.031967213936676675e+00
-1.699349752123557522e+01,4.068586633837458777e+00
-1.698595990672177081e+01,5.109953286222494562e+00
-1.697701766976985382e+01,6.156123174839214229e+00
-1.696657908173190421e+01,7.207199189609351464e+00
-1.695486686174215407e+01,8.263279007610186966e+00
-1.694163912010079898e+01,9.324413424649060644e+00
-1.692695933409658693e+01,1.039071835295019852e+01
-1.691074586485245490e+01,1.146221853881172947e+01
-1.689305209988559753e+01,1.253910803808125252e+01
-1.687379841827348770e+01,1.362139596833228516e+01
-1.685297170331345384e+01,1.470918391627542121e+01
-1.683055682034815703e+01,1.580258909734575568e+01
-1.680661724666691725e+01,1.690172742376768156e+01
-1.678113683863554328e+01,1.800672392533876476e+01
-1.675387976041656302e+01,1.911758251169212386e+01
-1.672498002942781881e+01,2.023448030673978693e+01
-1.797226334992423702e+01,-9.084698168195156853e+00
-1.798140537783325499e+01,-8.097786000384830984e+00
-1.798957124550337383e+01,-7.106958832132591830e+00
-1.799629937103078348e+01,-6.112286987795759075e+00
-1.800172881671896619e+01,-5.113632415274010690e+00
-1.800608431965655853e+01,-4.110913066214744838e+00
-1.800912499912087483e+01,-3.104085959172983245e+00
-1.801076719828030548e+01,-2.093110719125931496e+00
-1.801137269857300538e+01,-1.077751616895918474e+00
-1.801048798991232758e+01,-5.814149173904592516e-02
-1.800832368370754466e+01,9.659111057703606562e-01
-1.800479410517293033e+01,1.994462179379825173e+00
-1.799989521839997764e+01,3.027542986538702685e+00
-1.799382956298092395e+01,4.065407491571513710e+00
-1.798622324975208997e+01,5.107913737648760666e+00
-1.797721130510815257e+01,6.155231034320063799e+00
-1.796678162132401013e+01,7.207453153933746748e+00
-1.795492209067382916e+01,8.264673868837956405e+00
-1.794154703837161691e+01,9.326949182780079894e+00
-1.792671792375242745e+01,1.039441063670922460e+01
-1.791050629592206178e+01,1.146711162795071992e+01
-1.789274080530907440e+01,1.254516416399955858e+01
-1.787341136214217485e+01,1.362864638847930543e+01
-1.785258144371012889e+01,1.471767421361410300e+01
-1.783008777225908048e+01,1.581229713200032272e+01
-1.780607142804578302e+01,1.691263756701327736e+01
-1.778043664651379885e+01,1.801882966602408231e+01
-1.775310178878577005e+01,1.913089817533084513e+01
-1.772419380943951239e+01,2.024907491938201076e+01
-1.897376449334527493e+01,-9.101792078482709769e+00
-1.898284690333370506e+01,-8.113810646241301328e+00
-1.899065081302532221e+01,-7.122002773062034109e+00
-1.899739288769217538e+01,-6.126223895693367894e+00
-1.900298947050280063e+01,-5.126433639112550900e+00
-1.900720169868833409e+01,-4.122604650599391185e+00
-1.901010313930895990e+01,-3.114699161553129869e+00
-1.901190440377395419e+01,-2.102525722548175935e+00
-1.901222353110259178e+01,-1.086163775515124996e+00
-1.901134671771845319e+01,-6.539973115238950641e-02
-1.900911774870743187e+01,9.597612025999007201e-01
-1.900544590439788450e+01,1.989414101300928106e+00
-1.900055087699295342e+01,3.023680085115107996e+00
-1.899434396477595399e+01,4.062638600877081174e+00
-1.898674251989241313e+01,5.106322209247283972e+00
-1.897758427356488653e+01,6.154772588459517024e+00
-1.896715844914890781e+01,7.208179884728515674e+00
-1.895530681377526605e+01,8.266554518838560739e+00
-1.894178041490396680e+01,9.330001987133424990e+00
-1.892695515965294462e+01,1.039864861771788540e+01
-1.891066575231353752e+01,1.147255953191275424e+01
-1.998385417758325744e+01,-8.130724821290804982e+00
-1.999182320644306543e+01,-7.137765635327752989e+00
-1.999842604226622811e+01,-6.140908375954643894e+00
-2.000388540418741812e+01,-5.140055366094045119e+00
-2.000804003240647333e+01,-4.135172741874502123e+00
-2.001095340421229096e+01,-3.126144591071772894e+00
-2.001276458190821472e+01,-2.112832861585577149e+00
-2.001309160451353364e+01,-1.095316995346649058e+00
-2.001199996727140373e+01,-7.349670885541303988e-02
-2.000985346957422806e+01,9.528480983411125038e-01
-2.000618851156408695e+01,1.983662730610364022e+00
-2.000115121838422994e+01,3.019030539516077472e+00
-2.098496840340812142e+01,-8.148467318749649024e+00
-2.099279920240150688e+01,-7.154437565144440292e+00
-2.099941699634124603e+01,-6.156481087101886018e+00
-2.100489030740188312e+01,-5.154521044209483094e+00
